{"ps": [0.0, 0.03448275849223137, 0.06896551698446274, 0.10344827175140381, 0.13793103396892548, 0.17241379618644714, 0.20689654350280762, 0.24137930572032928, 0.27586206793785095, 0.3103448152542114, 0.3448275923728943, 0.37931033968925476, 0.41379308700561523, 0.4482758641242981, 0.48275861144065857, 0.517241358757019, 0.5517241358757019, 0.5862069129943848, 0.6206896305084229, 0.6551724076271057, 0.6896551847457886, 0.7241379022598267, 0.7586206793785095, 0.7931034564971924, 0.8275862336158752, 0.8620689511299133, 0.8965517282485962, 0.931034505367279, 0.9655172228813171, 1.0], "indirect_losses": [0.44694772362709045, 0.44588592648506165, 0.444778174161911, 0.4435824751853943, 0.4422728717327118, 0.4408297836780548, 0.43923166394233704, 0.43744656443595886, 0.43542081117630005, 0.43306130170822144, 0.4302102327346802, 0.42659246921539307, 0.42171788215637207, 0.41472330689430237, 0.4040256440639496, 0.3867813050746918, 0.35877323150634766, 0.31659168004989624, 0.2608875036239624, 0.20312388241291046, 0.15472346544265747, 0.1176297515630722, 0.09290513396263123, 0.07962234318256378, 0.07321354001760483, 0.06998270750045776, 0.068315289914608, 0.06761471927165985, 0.06751638650894165, 0.06780774891376495], "direct_losses": [0.44694721698760986, 0.426845908164978, 0.4061504006385803, 0.3849714994430542, 0.36342477798461914, 0.34163379669189453, 0.31977254152297974, 0.2980203926563263, 0.27666565775871277, 0.2560209333896637, 0.23627080023288727, 0.21745118498802185, 0.19955919682979584, 0.18260720372200012, 0.16657057404518127, 0.15150846540927887, 0.13743184506893158, 0.12436828017234802, 0.11249206960201263, 0.10206670314073563, 0.09331433475017548, 0.08626074343919754, 0.08076387643814087, 0.07659366726875305, 0.07343795895576477, 0.07105489075183868, 0.0693664625287056, 0.0683169737458229, 0.06782019138336182, 0.06780775636434555], "gpt_avg_loss": 0.06411930173635483}