{"ps": [0.0, 0.05263157933950424, 0.10526315867900848, 0.15789473056793213, 0.21052631735801697, 0.2631579041481018, 0.31578946113586426, 0.3684210479259491, 0.42105263471603394, 0.4736842215061188, 0.5263158082962036, 0.5789473652839661, 0.6315789222717285, 0.6842105388641357, 0.7368420958518982, 0.7894736528396606, 0.8421052694320679, 0.8947368264198303, 0.9473684430122375, 1.0], "indirect_losses": [0.44694772362709045, 0.44531193375587463, 0.44351664185523987, 0.4414547085762024, 0.4390530586242676, 0.43620017170906067, 0.432649165391922, 0.4278421103954315, 0.4204602539539337, 0.40733540058135986, 0.3806772828102112, 0.326654851436615, 0.241985023021698, 0.1616901159286499, 0.10707244277000427, 0.08061306178569794, 0.07159905135631561, 0.06837525963783264, 0.06750939041376114, 0.06780774891376495], "direct_losses": [0.44694721698760986, 0.41602131724357605, 0.3838455379009247, 0.35082778334617615, 0.3174736499786377, 0.2844652235507965, 0.2528403103351593, 0.2232946902513504, 0.19591280817985535, 0.17070017755031586, 0.14771005511283875, 0.12702755630016327, 0.10903014242649078, 0.09458126127719879, 0.08406450599431992, 0.07697944343090057, 0.07234813272953033, 0.06943869590759277, 0.0680174008011818, 0.06780775636434555], "gpt_avg_loss": 2.9393749237060547}