{"reg_coeffs": [0.25, 0.5, 1, 2, 3, 4, 5, 7, 10, 12, 14, 16, 18, 20], "losses": [3.087473154067993, 3.12217116355896, 3.220346212387085, 3.461637258529663, 3.6948623657226562, 3.906047821044922, 4.122145175933838, 4.583998203277588, 5.40934419631958, 6.1182990074157715, 9.244295120239258, 11.005976676940918, 11.435019493103027, 11.981285095214844], "avg_ps": [0.8890796303749084, 0.8395051956176758, 0.7705758810043335, 0.6885750889778137, 0.6423752307891846, 0.6126717329025269, 0.5889939665794373, 0.5509271025657654, 0.5028854608535767, 0.47040891647338867, 0.3214225769042969, 0.1531931459903717, 0.12776708602905273, 0.09676717221736908]}