{"ps": [0.0, 0.03448275849223137, 0.06896551698446274, 0.10344827175140381, 0.13793103396892548, 0.17241379618644714, 0.20689654350280762, 0.24137930572032928, 0.27586206793785095, 0.3103448152542114, 0.3448275923728943, 0.37931033968925476, 0.41379308700561523, 0.4482758641242981, 0.48275861144065857, 0.517241358757019, 0.5517241358757019, 0.5862069129943848, 0.6206896305084229, 0.6551724076271057, 0.6896551847457886, 0.7241379022598267, 0.7586206793785095, 0.7931034564971924, 0.8275862336158752, 0.8620689511299133, 0.8965517282485962, 0.931034505367279, 0.9655172228813171, 1.0], "indirect_losses": [13.367162704467773, 13.329985618591309, 13.292547225952148, 13.2538423538208, 13.213250160217285, 13.17025089263916, 13.124168395996094, 13.073948860168457, 13.017854690551758, 12.953019142150879, 12.874683380126953, 12.774799346923828, 12.639379501342773, 12.44356632232666, 12.14253044128418, 11.65732192993164, 10.870915412902832, 9.688350677490234, 8.174556732177734, 6.587862968444824, 5.21751594543457, 4.2485527992248535, 3.6762278079986572, 3.3632028102874756, 3.192244529724121, 3.0975899696350098, 3.0447843074798584, 3.0170297622680664, 3.004751205444336, 3.002998113632202], "direct_losses": [13.367145538330078, 12.715483665466309, 12.060075759887695, 11.404109954833984, 10.751697540283203, 10.10732650756836, 9.475309371948242, 8.859880447387695, 8.26488971710205, 7.693741321563721, 7.1497578620910645, 6.635913372039795, 6.1546220779418945, 5.708115577697754, 5.298386573791504, 4.926976203918457, 4.594509601593018, 4.300557613372803, 4.043972969055176, 3.822735071182251, 3.634441375732422, 3.476637840270996, 3.346757173538208, 3.2422080039978027, 3.160492420196533, 3.09889817237854, 3.0547914505004883, 3.025541067123413, 3.0088090896606445, 3.0029983520507812], "gpt_avg_loss": 2.9393749237060547}