{"ps": [0.0, 0.05263157933950424, 0.10526315867900848, 0.15789473056793213, 0.21052631735801697, 0.2631579041481018, 0.31578946113586426, 0.3684210479259491, 0.42105263471603394, 0.4736842215061188, 0.5263158082962036, 0.5789473652839661, 0.6315789222717285, 0.6842105388641357, 0.7368420958518982, 0.7894736528396606, 0.8421052694320679, 0.8947368264198303, 0.9473684430122375, 1.0], "indirect_losses": [13.367162704467773, 13.310391426086426, 13.25175666809082, 13.188688278198242, 13.119099617004395, 13.039355278015137, 12.941707611083984, 12.809358596801758, 12.604297637939453, 12.235612869262695, 11.48476505279541, 9.97071647644043, 7.666121959686279, 5.409945011138916, 3.997965097427368, 3.3879547119140625, 3.14567232131958, 3.046827793121338, 3.0096592903137207, 3.002998113632202], "direct_losses": [13.367145538330078, 12.370806694030762, 11.369640350341797, 10.377388000488281, 9.409674644470215, 8.481502532958984, 7.605960845947266, 6.794767379760742, 6.057656288146973, 5.4025492668151855, 4.835712432861328, 4.359286308288574, 3.9704020023345947, 3.662081003189087, 3.425679922103882, 3.2520933151245117, 3.132260799407959, 3.056717872619629, 3.0161643028259277, 3.0029983520507812], "gpt_avg_loss": 2.9393749237060547}